model,n_pairs,layer,spearman_rho,spearman_p,kendall_tau,kendall_p
xlm-roberta-base,36,12,0.32045427268845206,0.05672012237426124,0.22084711628963774,0.07227711877084549
bert-base-multilingual-cased,36,12,0.24757634818363322,0.14544560323684988,0.1766776930317102,0.15046387774699146
cl-tohoku/bert-base-japanese-char-v3,36,12,0.2879916551541052,0.08851828931033297,0.22084711628963774,0.07227711877084549
glyph_only/resnet18,36,0,0.3954181485207791,0.01698769420459148,0.2854024272050703,0.02019240938105971
hfl/chinese-bert-wwm-ext,36,12,0.38590099558902285,0.020096254392459136,0.3023906669196578,0.01385455697169258
