model,n_pairs,mean_top10_rate,mean_baseline,mean_lift
xlm-roberta-base,156,0.1494017094017094,0.02786113347483471,8.966924646799933
bert-base-multilingual-cased,156,0.1086111111111111,0.02786113347483471,5.177107167036875
cl-tohoku/bert-base-japanese-char-v3,156,0.2448931623931624,0.02786113347483471,9.998564123225547
glyph_only/resnet18,156,0.16929487179487177,0.02786113347483471,8.021605890579883
hfl/chinese-bert-wwm-ext,156,0.28055555555555556,0.02786113347483471,18.31102247314768
