model,layer,d_real,d_random_mean,d_random_std,d_random_p95,p_pseudo,n_partitions
smoketest/fakebert_d,12,10.347629718579018,-0.007368277182331263,0.027664720520592455,0.03390352503928144,0.047619047619047616,20
