model,layer,d_real,d_random_mean,d_random_std,d_random_p95,p_pseudo,n_partitions
smoketest/fakebert_d,12,9.908403104252994,-0.004194571083413472,0.017851579972365774,0.015682179390128424,0.047619047619047616,20
