model,layer,d_real,d_random_mean,d_random_std,d_random_p95,p_pseudo,n_partitions
Qwen/Qwen2.5-1.5B,28,0.6826869333749516,0.002011247572672889,0.023560997351273226,0.04123066435007571,0.004975124378109453,200
xlm-roberta-base,12,0.19043956211151652,-0.0031074320957628966,0.023019237167881502,0.03417874246289069,0.004975124378109453,200
bert-base-multilingual-cased,12,0.20177972363375388,0.0029816522278613656,0.025938083823347606,0.04627329359128729,0.004975124378109453,200
cl-tohoku/bert-base-japanese-char-v3,12,0.057333586769206774,-5.309283129122544e-05,0.023501405472588565,0.04032342751932574,0.01990049751243781,200
BAAI/bge-large-zh-v1.5,24,0.5695871057392138,0.0007666984980265552,0.023132582664473825,0.04019695431691521,0.004975124378109453,200
glyph_only/resnet18,0,1.140507223949053,5.151639004679978e-05,0.02362507659091092,0.03780862334733659,0.004975124378109453,200
Qwen/Qwen2.5-3B,36,0.743811410067613,0.0007432359761545989,0.02424996353070333,0.0418316777182966,0.004975124378109453,200
hfl/chinese-bert-wwm-ext,12,0.37542303542324806,0.0002497070073968879,0.02286656900295189,0.03985267797531858,0.004975124378109453,200
