model,model_id,size_label,params_M,n_layers,layerwise_max_d,last_layer_d,last_layer_delta,last_layer_p_perm,last_layer_rsa_rho,last_layer_intra_mean,last_layer_inter_mean
Chinese-BERT,hfl/chinese-bert-wwm-ext,base,102.267648,12,0.5046606812836768,0.375423035423248,0.0489842519164085,0.0009990009990009,0.0546853938448044,0.0524891018867492,0.0035048485733568
MacBERT,hfl/chinese-macbert-base,base,102.267648,12,0.4530665131337563,0.2815331897943049,0.0420594476163387,0.0009990009990009,0.0391755006435312,0.0414833389222621,-0.000576110149268
XLM-R-base,xlm-roberta-base,base,278.043648,12,0.3663435287211227,0.1904395621115165,0.0273552723228931,0.0009990009990009,0.0297512345410431,0.027633149176836,0.000277877174085
