model,model_id,size_label,params_M,n_layers,layerwise_max_d,last_layer_d,last_layer_delta,last_layer_p_perm,last_layer_rsa_rho,last_layer_intra_mean,last_layer_inter_mean
Chinese-BERT,hfl/chinese-bert-wwm-ext,base,102.267648,12,0.4905201083124416,0.375423035423248,0.0489842519164085,0.0009990009990009,0.0603268907016602,0.0524891018867492,0.0035048485733568
XLM-R-base,xlm-roberta-base,base,278.043648,12,0.3663435287211227,0.1904395621115165,0.0273552723228931,0.0009990009990009,0.0293831945727713,0.027633149176836,0.000277877174085
