model,n_chars,n_single_token,n_unk,n_multitok,coverage
Chinese-BERT,6306,6306,0,0,1.0
JP-BERT-char,6306,4056,2250,0,0.6431969552806851
XLM-R-base,6306,24,0,6282,0.003805899143672693
mBERT,6306,5335,971,0,0.8460196638122424
